1.640000050000000e-01,1.29000000000000,143.000000000000,467.144230600000
2.364999950000000e-01,1.29000000000000,143.000000000000,525.544608100000
2.640999850000000e-01,1.29000000000000,143.000000000000,554.245732200000
3.251999910000000e-01,1.29000000000000,143.000000000000,629.220177600000
3.278999920000000e-01,1.29000000000000,143.000000000000,632.864563700000
3.418999910000000e-01,1.29000000000000,143.000000000000,652.167756300000
3.542999920000000e-01,1.29000000000000,143.000000000000,669.810555100000
3.551999930000000e-01,1.29000000000000,143.000000000000,671.110287300000
3.562000100000000e-01,1.29000000000000,143.000000000000,672.557436400000
3.576999900000000e-01,1.29000000000000,143.000000000000,674.733839500000
3.582000140000000e-01,1.29000000000000,143.000000000000,675.460889800000
3.583999870000000e-01,1.29000000000000,143.000000000000,675.751914600000
3.673000040000000e-01,1.29000000000000,143.000000000000,688.826518200000
3.698000010000000e-01,1.29000000000000,143.000000000000,692.541911700000
3.878000080000000e-01,1.29000000000000,143.000000000000,719.825376700000
3.908999860000000e-01,1.29000000000000,143.000000000000,724.615912900000
4.305999880000000e-01,1.29000000000000,143.000000000000,788.241972700000
4.977000060000000e-01,1.29000000000000,143.000000000000,906.217432200000
5.018000010000000e-01,1.29000000000000,143.000000000000,913.963431100000
5.105000140000000e-01,1.29000000000000,143.000000000000,930.661717700000
5.271999840000000e-01,1.29000000000000,143.000000000000,963.821618900000
5.900999900000000e-01,1.29000000000000,143.000000000000,1106.72626500000
6.761000160000000e-01,1.29000000000000,143.000000000000,1379.92057200000
6.808000210000000e-01,1.29000000000000,143.000000000000,1398.63413300000
6.911000010000000e-01,1.29000000000000,143.000000000000,1441.34963400000
7.002999780000000e-01,1.29000000000000,143.000000000000,1481.59089300000
7.103000280000000e-01,1.29000000000000,143.000000000000,1527.71215400000
7.411000129999999e-01,1.29000000000000,143.000000000000,1687.23203000000
7.825000290000000e-01,1.29000000000000,143.000000000000,1953.02618000000
8.036999700000000e-01,1.29000000000000,143.000000000000,2119.37671500000
8.201000090000000e-01,1.29000000000000,143.000000000000,2266.78616500000
8.996000290000000e-01,1.29000000000000,143.000000000000,3401.49477000000
9.156000020000000e-01,1.29000000000000,143.000000000000,3782.91585000000
9.373000260000000e-01,1.29000000000000,143.000000000000,4456.38363300000
9.474999900000000e-01,1.29000000000000,143.000000000000,4858.37593200000
9.344999999999999e-03,1.29000000000000,155.000000000000,471.982760900000
5.590999900000000e-02,1.29000000000000,155.000000000000,466.034788400000
6.333000200000000e-02,1.29000000000000,155.000000000000,466.550399200000
1.395000070000000e-01,1.29000000000000,155.000000000000,491.399724300000
1.644999980000000e-01,1.29000000000000,155.000000000000,506.697005900000
1.875000000000000e-01,1.29000000000000,155.000000000000,523.708839300000
1.911000010000000e-01,1.29000000000000,155.000000000000,526.622429600000
2.460000070000000e-01,1.29000000000000,155.000000000000,579.262150300000
2.583999930000000e-01,1.29000000000000,155.000000000000,593.227734300000
2.603000100000000e-01,1.29000000000000,155.000000000000,595.433014900000
2.694000010000000e-01,1.29000000000000,155.000000000000,606.232571700000
2.772000130000000e-01,1.29000000000000,155.000000000000,615.798041900000
3.625000120000000e-01,1.29000000000000,155.000000000000,737.358784500000
3.713000120000000e-01,1.29000000000000,155.000000000000,751.471997400000
4.147000010000000e-01,1.29000000000000,155.000000000000,824.702422200000
4.228000040000000e-01,1.29000000000000,155.000000000000,839.006667600000
4.788999860000000e-01,1.29000000000000,155.000000000000,943.781816800000
4.896999900000000e-01,1.29000000000000,155.000000000000,965.257534100000
5.009999870000000e-01,1.29000000000000,155.000000000000,988.278502900000
5.612000230000000e-01,1.29000000000000,155.000000000000,1123.57109100000
6.151000260000000e-01,1.29000000000000,155.000000000000,1272.52567300000
6.212999820000000e-01,1.29000000000000,155.000000000000,1292.06227300000
6.650000210000000e-01,1.29000000000000,155.000000000000,1448.30346000000
6.909000280000001e-01,1.29000000000000,155.000000000000,1559.34257200000
7.491999860000000e-01,1.29000000000000,155.000000000000,1876.82001700000
8.676000240000000e-01,1.29000000000000,155.000000000000,3066.23911300000
8.906000260000000e-01,1.29000000000000,155.000000000000,3485.08252800000
9.682000280000000e-01,1.29000000000000,155.000000000000,6418.62534400000
1.454000030000000e-01,1.29000000000000,145.000000000000,280.360391200000
1.939000040000000e-01,1.29000000000000,145.000000000000,317.793716200000
2.274000050000000e-01,1.29000000000000,145.000000000000,345.378477600000
2.307000010000000e-01,1.29000000000000,145.000000000000,348.214163600000
2.840999960000000e-01,1.29000000000000,145.000000000000,398.324569700000
2.876000110000000e-01,1.29000000000000,145.000000000000,401.944998700000
2.971000080000000e-01,1.29000000000000,145.000000000000,412.020570000000
3.160000150000000e-01,1.29000000000000,145.000000000000,433.228398600000
3.287000060000000e-01,1.29000000000000,145.000000000000,448.426102400000
3.910999890000000e-01,1.29000000000000,145.000000000000,536.001614700000
3.955000040000000e-01,1.29000000000000,145.000000000000,543.066757800000
4.047000110000000e-01,1.29000000000000,145.000000000000,558.242113800000
4.226000010000000e-01,1.29000000000000,145.000000000000,589.349213000000
4.476999940000000e-01,1.29000000000000,145.000000000000,636.507319100000
4.787999990000000e-01,1.29000000000000,145.000000000000,700.534686600000
4.995000060000000e-01,1.29000000000000,145.000000000000,746.374814700000
5.103999970000000e-01,1.29000000000000,145.000000000000,771.471429600000
5.343000290000000e-01,1.29000000000000,145.000000000000,828.633189800000
5.372999910000000e-01,1.29000000000000,145.000000000000,836.004786700000
5.435000060000000e-01,1.29000000000000,145.000000000000,851.371817000000
5.626999740000000e-01,1.29000000000000,145.000000000000,900.076746800000
5.659000280000001e-01,1.29000000000000,145.000000000000,908.357086600000
5.722000000000000e-01,1.29000000000000,145.000000000000,924.795911000000
5.828999880000000e-01,1.29000000000000,145.000000000000,953.142479600000
5.859000090000001e-01,1.29000000000000,145.000000000000,961.189740900000
6.274999980000000e-01,1.29000000000000,145.000000000000,1078.06549900000
6.669999960000000e-01,1.29000000000000,145.000000000000,1202.14320200000
7.189999820000000e-01,1.29000000000000,145.000000000000,1401.65973300000
7.860999700000000e-01,1.29000000000000,145.000000000000,1777.28464300000
8.427000050000000e-01,1.29000000000000,145.000000000000,2284.13669400000
8.761000040000000e-01,1.29000000000000,145.000000000000,2719.26816900000
8.827000260000000e-01,1.29000000000000,145.000000000000,2822.38688100000
8.952000140000000e-01,1.29000000000000,145.000000000000,3037.55017000000
9.146000150000000e-01,1.29000000000000,145.000000000000,3436.22216400000
9.208999870000000e-01,1.29000000000000,145.000000000000,3587.33902200000
3.698999880000000e-01,1.29000000000000,145.000000000000,316.885740600000
3.925000130000000e-01,1.29000000000000,145.000000000000,333.336473300000
4.059999880000000e-01,1.29000000000000,145.000000000000,345.116189800000
4.126000110000000e-01,1.29000000000000,145.000000000000,351.441279100000
4.235999880000000e-01,1.29000000000000,145.000000000000,362.850840300000
4.392000140000000e-01,1.29000000000000,145.000000000000,380.997128200000
4.659999910000000e-01,1.29000000000000,145.000000000000,418.063416000000
4.736999870000000e-01,1.29000000000000,145.000000000000,430.210182400000
4.796999990000000e-01,1.29000000000000,145.000000000000,440.169882000000
4.945000110000000e-01,1.29000000000000,145.000000000000,466.671706700000
4.997000100000000e-01,1.29000000000000,145.000000000000,476.661954000000
5.083000060000000e-01,1.29000000000000,145.000000000000,493.989085500000
5.126000050000000e-01,1.29000000000000,145.000000000000,503.037572300000
5.134000180000000e-01,1.29000000000000,145.000000000000,504.749766800000
5.141000150000000e-01,1.29000000000000,145.000000000000,506.255358600000
5.192999840000000e-01,1.29000000000000,145.000000000000,517.658898200000
5.311999920000000e-01,1.29000000000000,145.000000000000,545.234686300000
5.347999930000000e-01,1.29000000000000,145.000000000000,553.989721800000
5.388000010000000e-01,1.29000000000000,145.000000000000,563.945742400000
5.550000070000000e-01,1.29000000000000,145.000000000000,606.752648800000
5.807999970000000e-01,1.29000000000000,145.000000000000,683.205878100000
5.835999850000000e-01,1.29000000000000,145.000000000000,692.107219000000
5.850999950000000e-01,1.29000000000000,145.000000000000,696.923580400000
5.928999780000000e-01,1.29000000000000,145.000000000000,722.496876500000
5.947999950000000e-01,1.29000000000000,145.000000000000,728.858581200000
6.071000100000000e-01,1.29000000000000,145.000000000000,771.254096400000
6.093999740000000e-01,1.29000000000000,145.000000000000,779.407429600000
6.937999730000000e-01,1.29000000000000,145.000000000000,1115.95269600000
7.024999860000000e-01,1.29000000000000,145.000000000000,1153.72347300000
7.469999790000000e-01,1.29000000000000,145.000000000000,1357.76425800000
7.559000250000000e-01,1.29000000000000,145.000000000000,1401.97246900000
7.590000030000000e-01,1.29000000000000,145.000000000000,1417.76835000000
7.752000090000000e-01,1.29000000000000,145.000000000000,1504.42738200000
7.853999730000000e-01,1.29000000000000,145.000000000000,1563.33835800000
8.338999750000000e-01,1.29000000000000,145.000000000000,1917.63413500000
8.597999810000000e-01,1.29000000000000,145.000000000000,2186.11262700000
8.640999790000000e-01,1.29000000000000,145.000000000000,2238.36502800000
8.834000230000000e-01,1.29000000000000,145.000000000000,2506.56873100000
8.988000150000000e-01,1.29000000000000,145.000000000000,2767.80625500000
9.183999900000001e-01,1.29000000000000,145.000000000000,3178.23164900000
9.894999860000000e-01,1.29000000000000,145.000000000000,6188.16972500000
3.006000000000000e-03,2.56000000000000,139.000000000000,871.354226600000
2.069000000000000e-02,2.56000000000000,139.000000000000,842.755505000000
6.167000200000000e-02,2.56000000000000,139.000000000000,813.781646600000
9.330999900000000e-02,2.56000000000000,139.000000000000,817.092725700000
9.330999900000000e-02,2.56000000000000,139.000000000000,817.092725700000
1.939000040000000e-01,2.56000000000000,139.000000000000,931.977370000000
2.286999970000000e-01,2.56000000000000,139.000000000000,1003.16781000000
2.664999960000000e-01,2.56000000000000,139.000000000000,1097.04316700000
2.709999980000000e-01,2.56000000000000,139.000000000000,1109.30258400000
3.395000100000000e-01,2.56000000000000,139.000000000000,1320.66234700000
3.418000040000000e-01,2.56000000000000,139.000000000000,1328.45848500000
3.431000110000000e-01,2.56000000000000,139.000000000000,1332.88190500000
3.537000120000000e-01,2.56000000000000,139.000000000000,1369.38453100000
3.657000060000000e-01,2.56000000000000,139.000000000000,1411.57697500000
3.709999920000000e-01,2.56000000000000,139.000000000000,1430.47998000000
3.849999900000000e-01,2.56000000000000,139.000000000000,1481.12187300000
3.968000110000000e-01,2.56000000000000,139.000000000000,1524.52267800000
3.989000020000000e-01,2.56000000000000,139.000000000000,1532.30898300000
4.009999930000000e-01,2.56000000000000,139.000000000000,1540.11303500000
4.032000010000000e-01,2.56000000000000,139.000000000000,1548.30777100000
4.047000110000000e-01,2.56000000000000,139.000000000000,1553.90583000000
4.090000090000000e-01,2.56000000000000,139.000000000000,1570.00181800000
4.162999990000000e-01,2.56000000000000,139.000000000000,1597.48398600000
4.180999990000000e-01,2.56000000000000,139.000000000000,1604.28998100000
4.210999910000000e-01,2.56000000000000,139.000000000000,1615.65857700000
4.219999910000000e-01,2.56000000000000,139.000000000000,1619.07543800000
4.221999940000000e-01,2.56000000000000,139.000000000000,1619.83505700000
4.264000060000000e-01,2.56000000000000,139.000000000000,1635.82019100000
4.295000140000000e-01,2.56000000000000,139.000000000000,1647.65765500000
4.332000020000000e-01,2.56000000000000,139.000000000000,1661.82978200000
4.374000130000000e-01,2.56000000000000,139.000000000000,1677.97376000000
4.481999870000000e-01,2.56000000000000,139.000000000000,1719.77353500000
4.672000110000000e-01,2.56000000000000,139.000000000000,1794.39349200000
4.686000050000000e-01,2.56000000000000,139.000000000000,1799.95252400000
4.900000100000000e-01,2.56000000000000,139.000000000000,1886.19387100000
4.936999980000000e-01,2.56000000000000,139.000000000000,1901.38103400000
4.997000100000000e-01,2.56000000000000,139.000000000000,1926.21236200000
5.009999870000000e-01,2.56000000000000,139.000000000000,1931.62806200000
5.041000250000000e-01,2.56000000000000,139.000000000000,1944.59565600000
5.080000160000000e-01,2.56000000000000,139.000000000000,1961.02225500000
5.243999960000000e-01,2.56000000000000,139.000000000000,2031.64892900000
5.274000170000001e-01,2.56000000000000,139.000000000000,2044.87447400000
5.286999940000000e-01,2.56000000000000,139.000000000000,2050.63791100000
5.299000140000000e-01,2.56000000000000,139.000000000000,2055.97628200000
5.335999729999999e-01,2.56000000000000,139.000000000000,2072.54712100000
5.487999920000000e-01,2.56000000000000,139.000000000000,2142.57623700000
5.518000130000000e-01,2.56000000000000,139.000000000000,2156.80733200000
5.591999890000000e-01,2.56000000000000,139.000000000000,2192.55632800000
5.626999740000000e-01,2.56000000000000,139.000000000000,2209.80327400000
5.690000060000000e-01,2.56000000000000,139.000000000000,2241.43864300000
5.741999750000000e-01,2.56000000000000,139.000000000000,2268.15489000000
5.778999920000000e-01,2.56000000000000,139.000000000000,2287.51771400000
5.798000100000000e-01,2.56000000000000,139.000000000000,2297.57979800000
5.990999940000000e-01,2.56000000000000,139.000000000000,2404.79434400000
6.010000110000000e-01,2.56000000000000,139.000000000000,2415.88335100000
6.205999850000000e-01,2.56000000000000,139.000000000000,2536.64895100000
6.255999800000001e-01,2.56000000000000,139.000000000000,2569.47752900000
6.417999860000000e-01,2.56000000000000,139.000000000000,2682.19913100000
6.459000110000001e-01,2.56000000000000,139.000000000000,2712.37887900000
6.639000180000000e-01,2.56000000000000,139.000000000000,2853.62972200000
6.657000180000000e-01,2.56000000000000,139.000000000000,2868.58816000000
6.711999770000000e-01,2.56000000000000,139.000000000000,2915.29521500000
7.588999870000001e-01,2.56000000000000,139.000000000000,3921.00271400000
7.599999900000000e-01,2.56000000000000,139.000000000000,3937.58735800000
7.649999860000000e-01,2.56000000000000,139.000000000000,4014.56075900000
7.663000230000000e-01,2.56000000000000,139.000000000000,4035.01563000000
7.760999800000000e-01,2.56000000000000,139.000000000000,4195.31977800000
7.871999740000000e-01,2.56000000000000,139.000000000000,4391.04780800000
7.896000150000000e-01,2.56000000000000,139.000000000000,4435.51373400000
8.506000040000000e-01,2.56000000000000,139.000000000000,5925.26981800000
8.607000110000000e-01,2.56000000000000,139.000000000000,6267.93063800000
8.754000070000000e-01,2.56000000000000,139.000000000000,6842.83506000000
8.781999950000000e-01,2.56000000000000,139.000000000000,6964.43526300000
8.913000230000000e-01,2.56000000000000,139.000000000000,7595.86574800000
9.088000060000000e-01,2.56000000000000,139.000000000000,8642.01253100000
9.296000000000000e-01,2.56000000000000,139.000000000000,1.032712697000000e+04
9.521999960000000e-01,2.56000000000000,139.000000000000,1.306845957000000e+04
9.588999750000000e-01,2.56000000000000,139.000000000000,1.417286453000000e+04
2.074999900000000e-02,8.600000000000000e-01,239.000000000000,1461.82838700000
2.476999900000000e-02,8.600000000000000e-01,239.000000000000,1454.82288500000
3.344000100000000e-02,8.600000000000000e-01,239.000000000000,1441.58480800000
5.674000100000000e-02,8.600000000000000e-01,239.000000000000,1417.94076700000
5.872000000000000e-02,8.600000000000000e-01,239.000000000000,1416.69340100000
1.092000010000000e-01,8.600000000000000e-01,239.000000000000,1421.88643800000
1.111999970000000e-01,8.600000000000000e-01,239.000000000000,1423.49603000000
1.273999960000000e-01,8.600000000000000e-01,239.000000000000,1440.33886300000
1.470000000000000e-01,8.600000000000000e-01,239.000000000000,1469.69901800000
1.620000000000000e-01,8.600000000000000e-01,239.000000000000,1498.78801200000
1.728000040000000e-01,8.600000000000000e-01,239.000000000000,1523.29478200000
1.850000020000000e-01,8.600000000000000e-01,239.000000000000,1554.58415300000
2.090000060000000e-01,8.600000000000000e-01,239.000000000000,1627.38390500000
2.310999930000000e-01,8.600000000000000e-01,239.000000000000,1707.69709100000
2.397000040000000e-01,8.600000000000000e-01,239.000000000000,1742.39111000000
2.407000060000000e-01,8.600000000000000e-01,239.000000000000,1746.54987700000
2.443999950000000e-01,8.600000000000000e-01,239.000000000000,1762.16212200000
2.500999870000000e-01,8.600000000000000e-01,239.000000000000,1786.90319400000
2.545999880000000e-01,8.600000000000000e-01,239.000000000000,1807.02339000000
2.570999860000000e-01,8.600000000000000e-01,239.000000000000,1818.42406200000
2.603999970000000e-01,8.600000000000000e-01,239.000000000000,1833.71477100000
2.617000040000000e-01,8.600000000000000e-01,239.000000000000,1839.81367900000
2.619999950000000e-01,8.600000000000000e-01,239.000000000000,1841.22717400000
2.644999920000000e-01,8.600000000000000e-01,239.000000000000,1853.09334800000
2.680000070000000e-01,8.600000000000000e-01,239.000000000000,1869.96757200000
2.743999960000000e-01,8.600000000000000e-01,239.000000000000,1901.60207200000
2.829999920000000e-01,8.600000000000000e-01,239.000000000000,1945.66756200000
2.867999970000000e-01,8.600000000000000e-01,239.000000000000,1965.69406800000
3.023999930000000e-01,8.600000000000000e-01,239.000000000000,2051.32413000000
3.163000050000000e-01,8.600000000000000e-01,239.000000000000,2131.95393100000
3.197000030000000e-01,8.600000000000000e-01,239.000000000000,2152.24862700000
3.361999990000000e-01,8.600000000000000e-01,239.000000000000,2253.59736200000
3.465000090000000e-01,8.600000000000000e-01,239.000000000000,2318.98562500000
3.551999930000000e-01,8.600000000000000e-01,239.000000000000,2375.27106700000
3.562000100000000e-01,8.600000000000000e-01,239.000000000000,2381.79507300000
3.571000100000000e-01,8.600000000000000e-01,239.000000000000,2387.67556200000
3.607000110000000e-01,8.600000000000000e-01,239.000000000000,2411.27762500000
3.632000090000000e-01,8.600000000000000e-01,239.000000000000,2427.73911700000
3.657999930000000e-01,8.600000000000000e-01,239.000000000000,2444.91612700000
3.718999920000000e-01,8.600000000000000e-01,239.000000000000,2485.42120600000
3.722999990000000e-01,8.600000000000000e-01,239.000000000000,2488.08670200000
3.734999900000000e-01,8.600000000000000e-01,239.000000000000,2496.08758200000
3.846000130000000e-01,8.600000000000000e-01,239.000000000000,2570.46520100000
4.140000050000000e-01,8.600000000000000e-01,239.000000000000,2768.74066600000
4.257000090000000e-01,8.600000000000000e-01,239.000000000000,2847.33818600000
4.392000140000000e-01,8.600000000000000e-01,239.000000000000,2937.37728400000
4.420000020000000e-01,8.600000000000000e-01,239.000000000000,2955.94906800000
4.449000060000000e-01,8.600000000000000e-01,239.000000000000,2975.14561500000
4.729000030000000e-01,8.600000000000000e-01,239.000000000000,3158.67010800000
4.982999860000000e-01,8.600000000000000e-01,239.000000000000,3324.06219800000
5.117999910000000e-01,8.600000000000000e-01,239.000000000000,3413.02950500000
5.271999840000000e-01,8.600000000000000e-01,239.000000000000,3516.94811000000
5.346000190000000e-01,8.600000000000000e-01,239.000000000000,3568.27886700000
5.490999820000000e-01,8.600000000000000e-01,239.000000000000,3672.51730600000
5.665000080000000e-01,8.600000000000000e-01,239.000000000000,3806.07924600000
5.695999859999999e-01,8.600000000000000e-01,239.000000000000,3831.07086400000
6.786000129999999e-01,8.600000000000000e-01,239.000000000000,5110.52696400000
7.141000030000000e-01,8.600000000000000e-01,239.000000000000,5771.16672200000
7.199000120000000e-01,8.600000000000000e-01,239.000000000000,5893.33212400000
7.603999970000000e-01,8.600000000000000e-01,239.000000000000,6866.47976200000
7.760999800000000e-01,8.600000000000000e-01,239.000000000000,7305.14609800000
8.195999859999999e-01,8.600000000000000e-01,239.000000000000,8761.97691000000
8.429999950000000e-01,8.600000000000000e-01,239.000000000000,9774.01235300000
9.287999870000000e-01,8.600000000000000e-01,239.000000000000,1.773613709000000e+04
3.325999900000000e-02,8.600000000000000e-01,143.000000000000,1311.23736200000
4.331000100000000e-02,8.600000000000000e-01,143.000000000000,1309.15560100000
4.664000100000000e-02,8.600000000000000e-01,143.000000000000,1308.89021400000
8.744999800000000e-02,8.600000000000000e-01,143.000000000000,1321.70899500000
1.404999940000000e-01,8.600000000000000e-01,143.000000000000,1379.31221000000
1.914000060000000e-01,8.600000000000000e-01,143.000000000000,1475.16109600000
1.969999970000000e-01,8.600000000000000e-01,143.000000000000,1488.06556200000
2.210000010000000e-01,8.600000000000000e-01,143.000000000000,1548.57670100000
2.791999880000000e-01,8.600000000000000e-01,143.000000000000,1729.31415700000
2.955000100000000e-01,8.600000000000000e-01,143.000000000000,1788.10863700000
3.082999890000000e-01,8.600000000000000e-01,143.000000000000,1836.60963200000
3.118999900000000e-01,8.600000000000000e-01,143.000000000000,1850.60686100000
3.161999880000000e-01,8.600000000000000e-01,143.000000000000,1867.52591600000
3.328000010000000e-01,8.600000000000000e-01,143.000000000000,1934.81842600000
3.355999890000000e-01,8.600000000000000e-01,143.000000000000,1946.46846900000
3.411999940000000e-01,8.600000000000000e-01,143.000000000000,1970.01842800000
3.535999950000000e-01,8.600000000000000e-01,143.000000000000,2023.31321800000
3.576999900000000e-01,8.600000000000000e-01,143.000000000000,2041.27093400000
3.603000040000000e-01,8.600000000000000e-01,143.000000000000,2052.74299600000
3.743000030000000e-01,8.600000000000000e-01,143.000000000000,2115.59700800000
3.926999870000000e-01,8.600000000000000e-01,143.000000000000,2200.84000100000
4.102000000000000e-01,8.600000000000000e-01,143.000000000000,2284.51329100000
4.374000130000000e-01,8.600000000000000e-01,143.000000000000,2419.38078300000
4.433000090000000e-01,8.600000000000000e-01,143.000000000000,2449.41407000000
4.490000010000000e-01,8.600000000000000e-01,143.000000000000,2478.70242900000
4.499000010000000e-01,8.600000000000000e-01,143.000000000000,2483.35214100000
4.505999980000000e-01,8.600000000000000e-01,143.000000000000,2486.97325300000
4.618000090000000e-01,8.600000000000000e-01,143.000000000000,2545.49601200000
4.751999970000000e-01,8.600000000000000e-01,143.000000000000,2617.05141500000
4.842000010000000e-01,8.600000000000000e-01,143.000000000000,2666.14308800000
5.141000150000000e-01,8.600000000000000e-01,143.000000000000,2836.34054100000
5.727000240000000e-01,8.600000000000000e-01,143.000000000000,3215.89475800000
5.867999790000000e-01,8.600000000000000e-01,143.000000000000,3320.24499600000
5.943999890000000e-01,8.600000000000000e-01,143.000000000000,3379.19088000000
6.079000230000000e-01,8.600000000000000e-01,143.000000000000,3489.07827500000
6.165999770000000e-01,8.600000000000000e-01,143.000000000000,3563.71845900000
6.248000260000000e-01,8.600000000000000e-01,143.000000000000,3637.05098200000
6.288999920000000e-01,8.600000000000000e-01,143.000000000000,3674.86169800000
6.661000250000000e-01,8.600000000000000e-01,143.000000000000,4057.44317300000
6.750000120000000e-01,8.600000000000000e-01,143.000000000000,4160.82975800000
6.966000200000000e-01,8.600000000000000e-01,143.000000000000,4433.78783400000
7.301999930000000e-01,8.600000000000000e-01,143.000000000000,4929.49588400000
8.199999930000000e-01,8.600000000000000e-01,143.000000000000,6871.07425400000
8.345000150000000e-01,8.600000000000000e-01,143.000000000000,7316.17256900000
9.029999970000000e-01,8.600000000000000e-01,143.000000000000,1.052189695000000e+04
9.287999870000000e-01,8.600000000000000e-01,143.000000000000,1.261282495000000e+04
9.776999950000000e-01,8.600000000000000e-01,143.000000000000,1.996680116000000e+04
9.922999740000000e-01,8.600000000000000e-01,143.000000000000,2.406428848000000e+04
1.327999980000000e-01,8.600000000000000e-01,143.000000000000,764.001980000000
1.891999990000000e-01,8.600000000000000e-01,143.000000000000,923.085999800000
1.902000010000000e-01,8.600000000000000e-01,143.000000000000,925.916143000000
1.920000020000000e-01,8.600000000000000e-01,143.000000000000,931.010841000000
1.961999980000000e-01,8.600000000000000e-01,143.000000000000,942.902199100000
2.111999990000000e-01,8.600000000000000e-01,143.000000000000,985.434234300000
2.585000100000000e-01,8.600000000000000e-01,143.000000000000,1121.67354300000
2.601000070000000e-01,8.600000000000000e-01,143.000000000000,1126.39345400000
2.632000150000000e-01,8.600000000000000e-01,143.000000000000,1135.56986700000
2.673999970000000e-01,8.600000000000000e-01,143.000000000000,1148.07343700000
2.705000040000000e-01,8.600000000000000e-01,143.000000000000,1157.35851200000
2.761999960000000e-01,8.600000000000000e-01,143.000000000000,1174.56701200000
2.773000000000000e-01,8.600000000000000e-01,143.000000000000,1177.90964000000
2.790000140000000e-01,8.600000000000000e-01,143.000000000000,1183.09012100000
2.854000030000000e-01,8.600000000000000e-01,143.000000000000,1202.75939600000
2.881000040000000e-01,8.600000000000000e-01,143.000000000000,1211.14170000000
2.971000080000000e-01,8.600000000000000e-01,143.000000000000,1239.48072300000
3.032999930000000e-01,8.600000000000000e-01,143.000000000000,1259.39400000000
3.059999940000000e-01,8.600000000000000e-01,143.000000000000,1268.17459000000
3.079000120000000e-01,8.600000000000000e-01,143.000000000000,1274.39503800000
3.084000050000000e-01,8.600000000000000e-01,143.000000000000,1276.03767500000
3.093000050000000e-01,8.600000000000000e-01,143.000000000000,1279.00088200000
3.097999990000000e-01,8.600000000000000e-01,143.000000000000,1280.65044800000
3.107999860000000e-01,8.600000000000000e-01,143.000000000000,1283.95716100000
3.434999880000000e-01,8.600000000000000e-01,143.000000000000,1398.44101600000
3.497999910000000e-01,8.600000000000000e-01,143.000000000000,1422.13091700000
3.587999940000000e-01,8.600000000000000e-01,143.000000000000,1457.03541200000
3.646000030000000e-01,8.600000000000000e-01,143.000000000000,1480.23126000000
3.670000140000000e-01,8.600000000000000e-01,143.000000000000,1489.99793800000
3.682000040000000e-01,8.600000000000000e-01,143.000000000000,1494.91862500000
3.732999860000000e-01,8.600000000000000e-01,143.000000000000,1516.12010500000
3.844000100000000e-01,8.600000000000000e-01,143.000000000000,1563.93632400000
3.917000000000000e-01,8.600000000000000e-01,143.000000000000,1596.69493400000
3.952000140000000e-01,8.600000000000000e-01,143.000000000000,1612.78607000000
3.996999860000000e-01,8.600000000000000e-01,143.000000000000,1633.85153200000
4.009000060000000e-01,8.600000000000000e-01,143.000000000000,1639.54224000000
4.050000010000000e-01,8.600000000000000e-01,143.000000000000,1659.21839200000
4.056999980000000e-01,8.600000000000000e-01,143.000000000000,1662.61450100000
4.329000120000000e-01,8.600000000000000e-01,143.000000000000,1803.20696800000
4.656000140000000e-01,8.600000000000000e-01,143.000000000000,1995.74951000000
4.907000060000000e-01,8.600000000000000e-01,143.000000000000,2161.34019500000
4.923000040000000e-01,8.600000000000000e-01,143.000000000000,2172.40484400000
4.927999970000000e-01,8.600000000000000e-01,143.000000000000,2175.87556500000
4.975000020000000e-01,8.600000000000000e-01,143.000000000000,2208.77381800000
5.072000030000000e-01,8.600000000000000e-01,143.000000000000,2278.23432300000
5.336999890000000e-01,8.600000000000000e-01,143.000000000000,2477.86261000000
5.418000220000000e-01,8.600000000000000e-01,143.000000000000,2541.43216600000
5.455999969999999e-01,8.600000000000000e-01,143.000000000000,2571.61360400000
5.523999930000000e-01,8.600000000000000e-01,143.000000000000,2626.15510000000
5.552999970000000e-01,8.600000000000000e-01,143.000000000000,2649.61050000000
5.672000050000000e-01,8.600000000000000e-01,143.000000000000,2746.96930000000
6.032999750000000e-01,8.600000000000000e-01,143.000000000000,3051.11827700000
6.092000010000000e-01,8.600000000000000e-01,143.000000000000,3101.90003600000
6.409999730000000e-01,8.600000000000000e-01,143.000000000000,3381.65693900000
6.506000159999999e-01,8.600000000000000e-01,143.000000000000,3468.90096000000
6.557999850000000e-01,8.600000000000000e-01,143.000000000000,3516.93071900000
6.581000090000000e-01,8.600000000000000e-01,143.000000000000,3538.37362800000
6.758999820000000e-01,8.600000000000000e-01,143.000000000000,3709.42120300000
6.791999940000000e-01,8.600000000000000e-01,143.000000000000,3742.32243800000
6.819000240000000e-01,8.600000000000000e-01,143.000000000000,3769.56996200000
7.454000119999999e-01,8.600000000000000e-01,143.000000000000,4547.05750800000
7.603999970000000e-01,8.600000000000000e-01,143.000000000000,4789.54656700000
7.646999960000000e-01,8.600000000000000e-01,143.000000000000,4864.91586600000
7.784000040000000e-01,8.600000000000000e-01,143.000000000000,5124.75840500000
8.105000260000000e-01,8.600000000000000e-01,143.000000000000,5872.48361700000
8.589000110000000e-01,8.600000000000000e-01,143.000000000000,7474.00199200000
8.626999860000000e-01,8.600000000000000e-01,143.000000000000,7628.73662300000
9.016000030000000e-01,8.600000000000000e-01,143.000000000000,9527.39382800000
9.394000170000000e-01,8.600000000000000e-01,143.000000000000,1.229660559000000e+04
9.490000010000000e-01,8.600000000000000e-01,143.000000000000,1.329398931000000e+04
1.923999940000000e-01,8.600000000000000e-01,144.000000000000,770.096265700000
2.777999940000000e-01,8.600000000000000e-01,144.000000000000,802.156439700000
3.596000080000000e-01,8.600000000000000e-01,144.000000000000,911.382381900000
3.905000090000000e-01,8.600000000000000e-01,144.000000000000,982.059116100000
3.971000020000000e-01,8.600000000000000e-01,144.000000000000,999.788456500000
4.063999950000000e-01,8.600000000000000e-01,144.000000000000,1026.49903200000
4.151999950000000e-01,8.600000000000000e-01,144.000000000000,1053.73022900000
4.300000070000000e-01,8.600000000000000e-01,144.000000000000,1104.11189500000
4.539999960000000e-01,8.600000000000000e-01,144.000000000000,1199.22456300000
4.639000000000000e-01,8.600000000000000e-01,144.000000000000,1243.75103300000
4.964999850000000e-01,8.600000000000000e-01,144.000000000000,1414.83250200000
5.242999790000000e-01,8.600000000000000e-01,144.000000000000,1593.41178500000
5.335999729999999e-01,8.600000000000000e-01,144.000000000000,1660.36132000000
5.483000280000000e-01,8.600000000000000e-01,144.000000000000,1773.75667500000
5.516999960000000e-01,8.600000000000000e-01,144.000000000000,1801.30922000000
5.536999700000000e-01,8.600000000000000e-01,144.000000000000,1817.74738100000
5.579000119999999e-01,8.600000000000000e-01,144.000000000000,1852.82619900000
5.666999820000000e-01,8.600000000000000e-01,144.000000000000,1928.74773700000
5.710999970000000e-01,8.600000000000000e-01,144.000000000000,1967.92332400000
5.748000140000000e-01,8.600000000000000e-01,144.000000000000,2001.48214700000
5.759999750000000e-01,8.600000000000000e-01,144.000000000000,2012.48554700000
5.784999730000000e-01,8.600000000000000e-01,144.000000000000,2035.59587400000
5.837000010000000e-01,8.600000000000000e-01,144.000000000000,2084.45841600000
5.848000050000000e-01,8.600000000000000e-01,144.000000000000,2094.93151100000
5.859000090000001e-01,8.600000000000000e-01,144.000000000000,2105.44962600000
5.957000260000000e-01,8.600000000000000e-01,144.000000000000,2201.17323000000
6.183000210000000e-01,8.600000000000000e-01,144.000000000000,2434.61956700000
6.326000090000000e-01,8.600000000000000e-01,144.000000000000,2590.23153000000
6.391000150000000e-01,8.600000000000000e-01,144.000000000000,2662.67345500000
6.398000120000000e-01,8.600000000000000e-01,144.000000000000,2670.53502500000
6.410999890000000e-01,8.600000000000000e-01,144.000000000000,2685.15982400000
6.460000280000000e-01,8.600000000000000e-01,144.000000000000,2740.61530400000
6.514999870000000e-01,8.600000000000000e-01,144.000000000000,2803.45546600000
6.524999740000000e-01,8.600000000000000e-01,144.000000000000,2814.94387700000
6.545000080000000e-01,8.600000000000000e-01,144.000000000000,2837.98174000000
6.680999990000001e-01,8.600000000000000e-01,144.000000000000,2996.57576800000
6.764000060000001e-01,8.600000000000000e-01,144.000000000000,3094.96618200000
6.836000080000000e-01,8.600000000000000e-01,144.000000000000,3181.30803500000
7.153999810000000e-01,8.600000000000000e-01,144.000000000000,3576.12844100000
7.168999910000000e-01,8.600000000000000e-01,144.000000000000,3595.44976700000
7.185999749999999e-01,8.600000000000000e-01,144.000000000000,3617.45361100000
7.203999760000001e-01,8.600000000000000e-01,144.000000000000,3640.86594500000
7.204999920000000e-01,8.600000000000000e-01,144.000000000000,3642.17028500000
7.211999890000000e-01,8.600000000000000e-01,144.000000000000,3651.31106600000
7.224000100000000e-01,8.600000000000000e-01,144.000000000000,3667.03125200000
7.225999829999999e-01,8.600000000000000e-01,144.000000000000,3669.65744900000
7.239000200000000e-01,8.600000000000000e-01,144.000000000000,3686.75913400000
7.246999740000000e-01,8.600000000000000e-01,144.000000000000,3697.32133500000
7.260000110000000e-01,8.600000000000000e-01,144.000000000000,3714.54541100000
7.876999970000000e-01,8.600000000000000e-01,144.000000000000,4671.77295200000
7.914000150000000e-01,8.600000000000000e-01,144.000000000000,4742.38767700000
7.957999710000000e-01,8.600000000000000e-01,144.000000000000,4829.15125300000
7.983999850000000e-01,8.600000000000000e-01,144.000000000000,4881.92208900000
8.050000070000000e-01,8.600000000000000e-01,144.000000000000,5021.20846200000
8.288999800000000e-01,8.600000000000000e-01,144.000000000000,5600.08558700000
8.385000230000000e-01,8.600000000000000e-01,144.000000000000,5871.52176600000
8.619999890000000e-01,8.600000000000000e-01,144.000000000000,6653.15841300000
8.974000220000000e-01,8.600000000000000e-01,144.000000000000,8238.16269800000
9.631999730000000e-01,8.600000000000000e-01,144.000000000000,1.373766106000000e+04
9.718999860000000e-01,8.600000000000000e-01,144.000000000000,1.501527535000000e+04
9.847000240000000e-01,8.600000000000000e-01,144.000000000000,1.738599857000000e+04
9.970999960000000e-01,8.600000000000000e-01,144.000000000000,2.044523914000000e+04
3.742000000000000e-03,4.000000000000000e-01,147.000000000000,2560.18269900000
7.893999700000000e-02,4.000000000000000e-01,147.000000000000,2557.01539400000
9.019000100000001e-02,4.000000000000000e-01,147.000000000000,2569.90502000000
9.927999999999999e-02,4.000000000000000e-01,147.000000000000,2582.95379300000
1.015999990000000e-01,4.000000000000000e-01,147.000000000000,2586.66384000000
1.044000010000000e-01,4.000000000000000e-01,147.000000000000,2591.34785500000
1.270000040000000e-01,4.000000000000000e-01,147.000000000000,2637.48395100000
1.291999970000000e-01,4.000000000000000e-01,147.000000000000,2642.77250700000
1.511999960000000e-01,4.000000000000000e-01,147.000000000000,2703.52838000000
1.852999930000000e-01,4.000000000000000e-01,147.000000000000,2826.31536100000
2.345000060000000e-01,4.000000000000000e-01,147.000000000000,3065.39135000000
2.639000120000000e-01,4.000000000000000e-01,147.000000000000,3242.64904800000
2.730999890000000e-01,4.000000000000000e-01,147.000000000000,3303.19974300000
2.804999950000000e-01,4.000000000000000e-01,147.000000000000,3353.60014700000
2.854000030000000e-01,4.000000000000000e-01,147.000000000000,3387.78817300000
3.285999890000000e-01,4.000000000000000e-01,147.000000000000,3715.36331700000
3.388000130000000e-01,4.000000000000000e-01,147.000000000000,3798.94566100000
3.677999970000000e-01,4.000000000000000e-01,147.000000000000,4047.54149800000
3.743999900000000e-01,4.000000000000000e-01,147.000000000000,4106.14050200000
3.772999940000000e-01,4.000000000000000e-01,147.000000000000,4132.10352200000
3.905000090000000e-01,4.000000000000000e-01,147.000000000000,4251.83953200000
4.045000080000000e-01,4.000000000000000e-01,147.000000000000,4381.44101100000
4.196999970000000e-01,4.000000000000000e-01,147.000000000000,4524.96022200000
4.275999960000000e-01,4.000000000000000e-01,147.000000000000,4600.66321800000
4.332000020000000e-01,4.000000000000000e-01,147.000000000000,4654.78451700000
4.399999980000000e-01,4.000000000000000e-01,147.000000000000,4721.02331100000
4.859000150000000e-01,4.000000000000000e-01,147.000000000000,5185.41424800000
5.034000280000001e-01,4.000000000000000e-01,147.000000000000,5372.84534400000
5.080000160000000e-01,4.000000000000000e-01,147.000000000000,5423.38458300000
5.141999720000000e-01,4.000000000000000e-01,147.000000000000,5492.45652600000
5.432000160000000e-01,4.000000000000000e-01,147.000000000000,5833.01029300000
5.745999810000000e-01,4.000000000000000e-01,147.000000000000,6244.75056000000
6.304000020000000e-01,4.000000000000000e-01,147.000000000000,7142.10291100000
6.613000040000000e-01,4.000000000000000e-01,147.000000000000,7763.74507000000
6.952999830000000e-01,4.000000000000000e-01,147.000000000000,8578.22249300000
7.760000230000000e-01,4.000000000000000e-01,147.000000000000,1.121230952000000e+04
7.910000090000000e-01,4.000000000000000e-01,147.000000000000,1.184640000000000e+04
1.101000010000000e-01,4.000000000000000e-01,146.000000000000,2565.06590600000
2.199999990000000e-01,4.000000000000000e-01,146.000000000000,2974.16038900000
2.502000030000000e-01,4.000000000000000e-01,146.000000000000,3147.84568800000
3.125000000000000e-01,4.000000000000000e-01,146.000000000000,3573.79014700000
3.546999990000000e-01,4.000000000000000e-01,146.000000000000,3906.65507500000
3.998000030000000e-01,4.000000000000000e-01,146.000000000000,4296.25893000000
4.029999970000000e-01,4.000000000000000e-01,146.000000000000,4325.17326400000
4.291000070000000e-01,4.000000000000000e-01,146.000000000000,4567.46400800000
5.001000170000000e-01,4.000000000000000e-01,146.000000000000,5295.23175400000
5.230000020000000e-01,4.000000000000000e-01,146.000000000000,5558.37749300000
5.388000010000000e-01,4.000000000000000e-01,146.000000000000,5750.77172500000
5.813000200000000e-01,4.000000000000000e-01,146.000000000000,6323.65652000000
6.477000120000000e-01,4.000000000000000e-01,146.000000000000,7446.16234100000
6.643000250000000e-01,4.000000000000000e-01,146.000000000000,7785.78628300000
6.904000040000000e-01,4.000000000000000e-01,146.000000000000,8381.49237700000
6.967999940000000e-01,4.000000000000000e-01,146.000000000000,8540.53872900000
7.092999820000000e-01,4.000000000000000e-01,146.000000000000,8867.65101000000
7.271999720000000e-01,4.000000000000000e-01,146.000000000000,9377.82473400000
7.274000050000000e-01,4.000000000000000e-01,146.000000000000,9383.83019300000
7.462000250000000e-01,4.000000000000000e-01,146.000000000000,9980.88258400000
7.501999740000000e-01,4.000000000000000e-01,146.000000000000,1.011689297000000e+04
7.580999730000000e-01,4.000000000000000e-01,146.000000000000,1.039567103000000e+04
7.620999810000000e-01,4.000000000000000e-01,146.000000000000,1.054222186000000e+04
7.716000079999999e-01,4.000000000000000e-01,146.000000000000,1.090585657000000e+04
7.804999950000000e-01,4.000000000000000e-01,146.000000000000,1.126793115000000e+04
8.076000209999999e-01,4.000000000000000e-01,146.000000000000,1.252066153000000e+04
8.165000080000000e-01,4.000000000000000e-01,146.000000000000,1.299047659000000e+04
8.249999880000000e-01,4.000000000000000e-01,146.000000000000,1.347128993000000e+04
8.251000050000000e-01,4.000000000000000e-01,146.000000000000,1.347713427000000e+04
8.370000120000000e-01,4.000000000000000e-01,146.000000000000,1.421068702000000e+04
8.755999800000001e-01,4.000000000000000e-01,146.000000000000,1.722789871000000e+04
9.165999889999999e-01,4.000000000000000e-01,146.000000000000,2.218635044000000e+04
9.825000170000000e-01,4.000000000000000e-01,146.000000000000,4.061545011000000e+04
1.567000000000000e-01,4.000000000000000e-01,147.000000000000,1596.86844200000
1.668000070000000e-01,4.000000000000000e-01,147.000000000000,1644.12530900000
1.922000050000000e-01,4.000000000000000e-01,147.000000000000,1768.38215000000
2.486999930000000e-01,4.000000000000000e-01,147.000000000000,2075.31128700000
2.802999910000000e-01,4.000000000000000e-01,147.000000000000,2268.38274100000
2.865000070000000e-01,4.000000000000000e-01,147.000000000000,2308.35360700000
3.007999960000000e-01,4.000000000000000e-01,147.000000000000,2403.40586900000
3.174999950000000e-01,4.000000000000000e-01,147.000000000000,2519.80951000000
3.255000110000000e-01,4.000000000000000e-01,147.000000000000,2577.77928400000
3.763999940000000e-01,4.000000000000000e-01,147.000000000000,2984.72727900000
3.948000070000000e-01,4.000000000000000e-01,147.000000000000,3150.10236800000
4.275999960000000e-01,4.000000000000000e-01,147.000000000000,3472.28474500000
4.426999990000000e-01,4.000000000000000e-01,147.000000000000,3633.13953100000
4.605999890000000e-01,4.000000000000000e-01,147.000000000000,3834.46648800000
4.993000030000000e-01,4.000000000000000e-01,147.000000000000,4309.60172400000
5.134000180000000e-01,4.000000000000000e-01,147.000000000000,4496.01466700000
5.151000019999999e-01,4.000000000000000e-01,147.000000000000,4518.95427100000
5.275999900000000e-01,4.000000000000000e-01,147.000000000000,4690.62831000000
5.608999730000001e-01,4.000000000000000e-01,147.000000000000,5172.63242900000
5.667999980000000e-01,4.000000000000000e-01,147.000000000000,5261.61399000000
5.827999710000000e-01,4.000000000000000e-01,147.000000000000,5508.20559600000
5.942999720000000e-01,4.000000000000000e-01,147.000000000000,5690.26746700000
6.427999730000000e-01,4.000000000000000e-01,147.000000000000,6509.31477800000
7.077999710000000e-01,4.000000000000000e-01,147.000000000000,7829.16912300000
7.329000230000000e-01,4.000000000000000e-01,147.000000000000,8468.92742800000
7.601000070000000e-01,4.000000000000000e-01,147.000000000000,9297.98779400000
7.742999790000000e-01,4.000000000000000e-01,147.000000000000,9803.68097600000
7.793999910000000e-01,4.000000000000000e-01,147.000000000000,9999.71969100000
8.220000270000000e-01,4.000000000000000e-01,147.000000000000,1.200396957000000e+04
8.331999780000000e-01,4.000000000000000e-01,147.000000000000,1.266106044000000e+04
9.168000220000000e-01,4.000000000000000e-01,147.000000000000,2.027188782000000e+04
3.623000090000000e-01,4.000000000000000e-01,147.000000000000,1776.57995900000
3.763000070000000e-01,4.000000000000000e-01,147.000000000000,1836.59379800000
4.361999930000000e-01,4.000000000000000e-01,147.000000000000,2185.97290600000
4.480000140000000e-01,4.000000000000000e-01,147.000000000000,2275.89476200000
4.532000120000000e-01,4.000000000000000e-01,147.000000000000,2318.07835100000
4.618000090000000e-01,4.000000000000000e-01,147.000000000000,2391.44319000000
4.711000030000000e-01,4.000000000000000e-01,147.000000000000,2476.04466600000
4.963999990000000e-01,4.000000000000000e-01,147.000000000000,2735.96471100000
5.202999710000000e-01,4.000000000000000e-01,147.000000000000,3025.02712300000
5.239999890000000e-01,4.000000000000000e-01,147.000000000000,3073.80061700000
5.256000159999999e-01,4.000000000000000e-01,147.000000000000,3095.23483000000
5.390999909999999e-01,4.000000000000000e-01,147.000000000000,3284.43116700000
5.519999860000000e-01,4.000000000000000e-01,147.000000000000,3479.33340600000
5.537999870000000e-01,4.000000000000000e-01,147.000000000000,3507.63357700000
5.659000280000001e-01,4.000000000000000e-01,147.000000000000,3704.85320000000
5.719000100000000e-01,4.000000000000000e-01,147.000000000000,3807.12196500000
5.745000240000000e-01,4.000000000000000e-01,147.000000000000,3852.34704000000
5.827000140000000e-01,4.000000000000000e-01,147.000000000000,3998.52127500000
5.852000120000000e-01,4.000000000000000e-01,147.000000000000,4044.13923400000
5.982000230000000e-01,4.000000000000000e-01,147.000000000000,4289.01162400000
6.089000110000000e-01,4.000000000000000e-01,147.000000000000,4499.73401200000
6.132000090000000e-01,4.000000000000000e-01,147.000000000000,4586.60541100000
6.197000150000000e-01,4.000000000000000e-01,147.000000000000,4720.16818200000
6.219999790000000e-01,4.000000000000000e-01,147.000000000000,4768.05024800000
6.405000090000000e-01,4.000000000000000e-01,147.000000000000,5164.03681200000
6.631000040000000e-01,4.000000000000000e-01,147.000000000000,5670.33133600000
6.714000110000000e-01,4.000000000000000e-01,147.000000000000,5861.60568500000
6.959000230000000e-01,4.000000000000000e-01,147.000000000000,6442.13060400000
7.184000020000000e-01,4.000000000000000e-01,147.000000000000,7000.20560000000
7.354999780000000e-01,4.000000000000000e-01,147.000000000000,7447.72043400000
7.694000009999999e-01,4.000000000000000e-01,147.000000000000,8436.10036700000
7.863000040000000e-01,4.000000000000000e-01,147.000000000000,9006.65192100000
8.270999790000000e-01,4.000000000000000e-01,147.000000000000,1.073623636000000e+04
8.477000000000000e-01,4.000000000000000e-01,147.000000000000,1.188043699000000e+04
1.689000100000000e-02,1.29000000000000,145.000000000000,546.821282400000
9.246999800000000e-02,1.29000000000000,145.000000000000,577.875354200000
1.076000030000000e-01,1.29000000000000,145.000000000000,586.552308500000
2.784999910000000e-01,1.29000000000000,145.000000000000,766.441059300000
3.032000060000000e-01,1.29000000000000,145.000000000000,803.342074000000
3.082999890000000e-01,1.29000000000000,145.000000000000,811.219510800000
3.578000070000000e-01,1.29000000000000,145.000000000000,892.006435100000
4.018000070000000e-01,1.29000000000000,145.000000000000,970.813807400000
5.030999779999999e-01,1.29000000000000,145.000000000000,1188.78590900000
5.649999980000000e-01,1.29000000000000,145.000000000000,1358.25309200000
5.949000120000000e-01,1.29000000000000,145.000000000000,1453.73275800000
5.077999800000000e-02,1.29000000000000,142.000000000000,546.505208500000
8.359999999999999e-02,1.29000000000000,142.000000000000,561.089030700000
1.565999980000000e-01,1.29000000000000,142.000000000000,612.404628300000
2.278999980000000e-01,1.29000000000000,142.000000000000,685.915557000000
2.388000040000000e-01,1.29000000000000,142.000000000000,699.092093400000
2.436999980000000e-01,1.29000000000000,142.000000000000,705.178239300000
2.642999890000000e-01,1.29000000000000,142.000000000000,731.854142600000
2.739999890000000e-01,1.29000000000000,142.000000000000,745.016641300000
3.057000040000000e-01,1.29000000000000,142.000000000000,790.655656300000
3.113000090000000e-01,1.29000000000000,142.000000000000,799.128533800000
3.461000030000000e-01,1.29000000000000,142.000000000000,854.487640600000
3.939000070000000e-01,1.29000000000000,142.000000000000,938.092362400000
4.070000050000000e-01,1.29000000000000,142.000000000000,962.574926700000
4.503999950000000e-01,1.29000000000000,142.000000000000,1048.97606200000
4.668000040000000e-01,1.29000000000000,142.000000000000,1083.97773700000
5.213000180000000e-01,1.29000000000000,142.000000000000,1211.88313100000
5.275999900000000e-01,1.29000000000000,142.000000000000,1228.03340400000
5.315999980000000e-01,1.29000000000000,142.000000000000,1238.45771900000
5.444999930000000e-01,1.29000000000000,142.000000000000,1273.02939700000
5.695000290000000e-01,1.29000000000000,142.000000000000,1344.61557600000
5.752999780000000e-01,1.29000000000000,142.000000000000,1362.18333100000
6.335999970000000e-01,1.29000000000000,142.000000000000,1563.62980000000
6.420999770000000e-01,1.29000000000000,142.000000000000,1597.46418000000
8.054000140000001e-01,1.29000000000000,142.000000000000,2644.92713200000
9.043999910000000e-01,1.29000000000000,142.000000000000,4229.73532300000
2.148000000000000e-02,8.600000000000000e-01,242.000000000000,2755.57641700000
6.424000100000000e-02,8.600000000000000e-01,242.000000000000,2825.78078900000
1.315000060000000e-01,8.600000000000000e-01,242.000000000000,3028.32155700000
1.430000070000000e-01,8.600000000000000e-01,242.000000000000,3073.86421700000
1.655000000000000e-01,8.600000000000000e-01,242.000000000000,3172.05292700000
1.912000030000000e-01,8.600000000000000e-01,242.000000000000,3298.80737900000
3.172999920000000e-01,8.600000000000000e-01,242.000000000000,4137.25838700000
3.282000120000000e-01,8.600000000000000e-01,242.000000000000,4225.56511500000
3.433000150000000e-01,8.600000000000000e-01,242.000000000000,4351.75269000000
3.547999860000000e-01,8.600000000000000e-01,242.000000000000,4450.81258300000
3.621000050000000e-01,8.600000000000000e-01,242.000000000000,4515.00732700000
4.110000130000000e-01,8.600000000000000e-01,242.000000000000,4971.34166200000
4.343000050000000e-01,8.600000000000000e-01,242.000000000000,5205.53893100000
4.593000110000000e-01,8.600000000000000e-01,242.000000000000,5470.27143100000
5.212000010000000e-01,8.600000000000000e-01,242.000000000000,6201.17866700000
5.508999820000000e-01,8.600000000000000e-01,242.000000000000,6602.93886900000
9.112000000000000e-03,8.600000000000000e-01,241.000000000000,1835.61895600000
1.726000010000000e-01,8.600000000000000e-01,241.000000000000,2110.30604100000
2.282000040000000e-01,8.600000000000000e-01,241.000000000000,2362.97178800000
2.513999940000000e-01,8.600000000000000e-01,241.000000000000,2494.74389200000
2.714000050000000e-01,8.600000000000000e-01,241.000000000000,2618.88926300000
3.012999890000000e-01,8.600000000000000e-01,241.000000000000,2819.18540700000
3.163999920000000e-01,8.600000000000000e-01,241.000000000000,2925.45563700000
3.420000080000000e-01,8.600000000000000e-01,241.000000000000,3110.93654800000
3.639999930000000e-01,8.600000000000000e-01,241.000000000000,3273.88937400000
3.749000130000000e-01,8.600000000000000e-01,241.000000000000,3355.48099200000
3.973999920000000e-01,8.600000000000000e-01,241.000000000000,3525.58887400000
4.208000000000000e-01,8.600000000000000e-01,241.000000000000,3705.71828600000
4.627999960000000e-01,8.600000000000000e-01,241.000000000000,4045.06667900000
4.964999850000000e-01,8.600000000000000e-01,241.000000000000,4344.94392600000
9.681000110000000e-01,8.600000000000000e-01,241.000000000000,3.356952805000000e+04
9.223999800000000e-02,8.600000000000000e-01,145.000000000000,1743.13862700000
1.446000040000000e-01,8.600000000000000e-01,145.000000000000,1854.96500800000
1.741999980000000e-01,8.600000000000000e-01,145.000000000000,1935.41474800000
2.111999990000000e-01,8.600000000000000e-01,145.000000000000,2052.97015100000
2.309000050000000e-01,8.600000000000000e-01,145.000000000000,2123.09973900000
2.475000020000000e-01,8.600000000000000e-01,145.000000000000,2186.17571000000
2.730999890000000e-01,8.600000000000000e-01,145.000000000000,2290.44029900000
3.246000110000000e-01,8.600000000000000e-01,145.000000000000,2524.98562300000
3.804000020000000e-01,8.600000000000000e-01,145.000000000000,2814.92761800000
3.987999860000000e-01,8.600000000000000e-01,145.000000000000,2918.63491600000
4.424999950000000e-01,8.600000000000000e-01,145.000000000000,3182.12614800000
4.927999970000000e-01,8.600000000000000e-01,145.000000000000,3520.50296000000
5.536000129999999e-01,8.600000000000000e-01,145.000000000000,3998.98998400000
5.834000110000001e-01,8.600000000000000e-01,145.000000000000,4272.45381100000
6.922000050000000e-01,8.600000000000000e-01,145.000000000000,5627.31858200000
7.073000070000000e-01,8.600000000000000e-01,145.000000000000,5878.12678400000
7.515000100000000e-01,8.600000000000000e-01,145.000000000000,6741.46793100000
8.133000140000000e-01,8.600000000000000e-01,145.000000000000,8409.69042900000
8.655999900000000e-01,8.600000000000000e-01,145.000000000000,1.056478276000000e+04
8.780000210000000e-01,8.600000000000000e-01,145.000000000000,1.124387579000000e+04
8.962000010000000e-01,8.600000000000000e-01,145.000000000000,1.241392911000000e+04
1.670000000000000e-02,4.000000000000000e-01,147.000000000000,3152.95737500000
2.574999930000000e-01,4.000000000000000e-01,147.000000000000,4245.44996000000
3.711999950000000e-01,4.000000000000000e-01,147.000000000000,5277.33585800000
3.781999950000000e-01,4.000000000000000e-01,147.000000000000,5349.25466000000
4.133999940000000e-01,4.000000000000000e-01,147.000000000000,5726.39746900000
4.532999990000000e-01,4.000000000000000e-01,147.000000000000,6190.52607000000
4.796999990000000e-01,4.000000000000000e-01,147.000000000000,6524.75436800000
5.953000190000000e-01,4.000000000000000e-01,147.000000000000,8383.40429700000
7.483000160000000e-01,4.000000000000000e-01,147.000000000000,1.269665462000000e+04
8.458999990000000e-01,4.000000000000000e-01,147.000000000000,1.838702978000000e+04